{"BASIC_TRANSFORM": false, "FREQ_CUTOFF": 1000, "THRESHOLD_CITIES": 50, "PERC_NUMBER": 0, "IS_PCA_ENABLE": true, "N_COMPONENTS": 100, "ADD_UNPROCESSED": false, "WITH_SKILLS": false, "WITH_GRADE": true, "WITH_AREA": true, "WHITELIST": true, "PROF_LIST": ["Frontend", "Backend", "DevOps", "Веб дизайнер", "QA инженер", "Mobile", "Project manager", "Product manager", "Технический писатель", "Data Analyst", "Data Engineer", "Data Scientist", "Аналитик", "Бизнес аналитик", "Системный аналитик", "Руководитель проектов", "IT Project manager", "IT Product manager"], "VERBOSE": false}