{"BASIC_TRANSFORM": false, "FREQ_CUTOFF": 1000, "THRESHOLD_CITIES": 50, "PERC_NUMBER": 0, "IS_PCA_ENABLE": true, "N_COMPONENTS": 100, "ADD_UNPROCESSED": false, "WITH_SKILLS": false, "WITH_GRADE": true, "WITH_AREA": true, "WHITELIST": true, "PROF_LIST": ["1C оператор", "1С эксперт", "1С архитектор", "Руководитель проектов 1С", "1С методист", "1С администратор", "1C консультант", "1С программист", "1С аналитик"], "VERBOSE": false}